{
	"class_name" : "PinholeCameraParameters",
	"extrinsic" : 
	[
		0.93571278740683628,
		0.094372049693967688,
		-0.33990512752809171,
		0.0,
		0.35248317847587463,
		-0.28848195728281162,
		0.89024365721628307,
		0.0,
		-0.014042377821212995,
		-0.9528232136964534,
		-0.30320081640109248,
		0.0,
		-47.669807955843233,
		148.40351667581345,
		-361.16861985861362,
		1.0
	],
	"intrinsic" : 
	{
		"height" : 800,
		"intrinsic_matrix" : 
		[
			692.82032302755101,
			0.0,
			0.0,
			0.0,
			692.82032302755101,
			0.0,
			599.5,
			399.5,
			1.0
		],
		"width" : 1200
	},
	"version_major" : 1,
	"version_minor" : 0
}