{
	"class_name" : "PinholeCameraParameters",
	"extrinsic" : 
	[
		0.740575892668911,
		0.39168573286948838,
		-0.54601248508082445,
		0.0,
		0.64332595662776271,
		-0.17855158718463182,
		0.74448038539831451,
		0.0,
		0.19411094952789162,
		-0.9026082302861751,
		-0.38421259986241946,
		0.0,
		-208.95677532993642,
		142.77172452114007,
		-309.70936767253579,
		1.0
	],
	"intrinsic" : 
	{
		"height" : 800,
		"intrinsic_matrix" : 
		[
			692.82032302755101,
			0.0,
			0.0,
			0.0,
			692.82032302755101,
			0.0,
			599.5,
			399.5,
			1.0
		],
		"width" : 1200
	},
	"version_major" : 1,
	"version_minor" : 0
}