{
	"class_name" : "PinholeCameraParameters",
	"extrinsic" : 
	[
		0.98301415385997248,
		-0.15206391892643512,
		0.10276058520511133,
		0.0,
		-0.14979926958747836,
		-0.34129673668929777,
		0.92794219451229509,
		0.0,
		-0.10603467424394888,
		-0.92757377177557732,
		-0.35827858681758934,
		0.0,
		210.73647508226423,
		135.32046746767708,
		-245.42125494085278,
		1.0
	],
	"intrinsic" : 
	{
		"height" : 800,
		"intrinsic_matrix" : 
		[
			692.82032302755101,
			0.0,
			0.0,
			0.0,
			692.82032302755101,
			0.0,
			599.5,
			399.5,
			1.0
		],
		"width" : 1200
	},
	"version_major" : 1,
	"version_minor" : 0
}